user,first_name,last_name,party
SenJonKyl,jon,kyl,R
DougJones,doug,jones,D
timkaine,tim,kaine,D
LindseyGrahamSC,lindsey,graham,R
SenBooker,cory,booker,D
SenKamalaHarris,kamala,harris,D
senorrinhatch,orrin,hatch,R
SenSanders,sander,levin,D
SenThomTillis,thom,tillis,R
JerryMoran,jerry,moran,R
SenCapito,shelley,capito,R
SenatorHassan,maggie,hassan,D
SenatorCarper,tom,carper,D
MartinHeinrich,martin,heinrich,D
SteveDaines,steve,daines,R
SenToomey,pat,toomey,R
SenToddYoung,todd,young,R
SenBillNelson,bill,nelson,D
SenJohnBarrasso,john,barrasso,R
SenMurphyOffice,chris,murphy,D
SenatorRounds,ro,khanna,D
MikeCrapo,mike,crapo,R
SenJohnThune,john,thune,R
SenJohnMcCain,john,mccain,R
SenatorCollins,collin,peterson,D
PattyMurray,patty,murray,D
SenFeinstein,dianne,feinstein,D
McCaskillOffice,claire,mccaskill,D
SenAlexander,lamar,alexander,R
SenJackReed,jack,reed,D
ChuckGrassley,chuck,grassley,R
SenCortezMasto,catherine,masto,D
SenPatRoberts,pat,roberts,R
SenatorCardin,ben,cardin,D
SenDeanHeller,dean,heller,R
RonWyden,ron,wyden,D
SenatorDurbin,dick,durbin,D
SenatorShaheen,jeanne,shaheen,D
SenDuckworth,tammy,duckworth,D
SenWhitehouse,sheldon,whitehouse,D
SenTomCotton,tom,cotton,R
SenSherrodBrown,sherrod,brown,D
SenBobCorker,bob,corker,R
SenatorTomUdall,tom,udall,D
McConnellPress,mitch,mcconnell,R
SenatorLankford,james,lankford,R
SenTedCruz,ted,cruz,R
SenatorEnzi,mike,enzi,R
SenGaryPeters,gary,peters,D
JeffFlake,jeff,flake,R
SenatorIsakson,johnny,isakson,R
InhofePress,jim,inhofe,R
GrahamBlog,lindsey,graham,R
SenRubioPress,marco,rubio,R
SenAngusKing,angus,king,D
SenGillibrand,kirsten,gillibrand,D
SenBobCasey,bob,casey,D
ChrisVanHollen,chris,hollen,D
SenThadCochran,thad,cochran,R
SenatorBurr,richard,burr,R
senrobportman,rob,portman,R
SenatorTester,jon,tester,D
SenatorMenendez,bob,menendez,D
JohnBoozman,john,boozman,R
maziehirono,mazie,hirono,D
Sen_JoeManchin,joe,manchin,D
SenatorFischer,deb,fischer,R
SenBennetCO,michael,bennet,D
SenStabenow,debbie,stabenow,D
SenSasse,ben,sasse,R
SenBrianSchatz,brian,schatz,D
SenatorRisch,jim,risch,R
SenMikeLee,mike,lee,R
SenWarren,warren,davidson,R
SenBlumenthal,richard,blumenthal,D
sendavidperdue,david,perdue,R
SenFranken,al,franken,D
BillCassidy,bill,cassidy,R
SenCoryGardner,cory,gardner,R
lisamurkowski,lisa,murkowski,R
SenatorCantwell,maria,cantwell,D
SenatorBaldwin,tammy,baldwin,D
SenDonnelly,joe,donnelly,D
SenatorWicker,roger,wicker,R
amyklobuchar,amy,klobuchar,D
SenatorHeitkamp,heidi,heitkamp,D
SenJoniErnst,joni,ernst,R
ChrisCoons,chris,coons,D
MarkWarner,mark,warner,D
JohnCornyn,john,cornyn,R
SenRonJohnson,ron,johnson,R
SenatorLeahy,patrick,leahy,D
SenSchumer,chuck,schumer,D
SenJohnKennedy,john,kennedy,R
SenJeffMerkley,jeff,merkley,D
RoyBlunt,roy,blunt,R
SenShelby,richard,shelby,R
SenJohnHoeven,john,hoeven,R
RandPaul,rand,paul,R
SenDanSullivan,dan,sullivan,R
SenatorTimScott,tim,scott,R
SenMarkey,ed,markey,D
KYComer,james,comer,R
RepJackyRosen,jacky,rosen,D
RepEspaillat,adriano,espaillat,D
RepTrey,trey,hollingsworth,R
RepDwightEvans,dwight,evans,D
RogerMarshallMD,roger,marshall,R
USRepLong,billy,long,R
RepByrne,bradley,byrne,R
Robert_Aderholt,robert,aderholt,R
USRepGaryPalmer,gary,palmer,R
rep_stevewomack,steve,womack,R
RepRickCrawford,rick,crawford,R
RepDeSaulnier,mark,desaulnier,D
CongressmanRuiz,raul,ruiz,D
RepThompson,thom,tillis,R
NormaJTorres,norma,torres,D
RepCarbajal,salud,carbajal,D
RepAdamSchiff,adam,schiff,D
RepSpeier,jackie,speier,D
RepKarenBass,karen,bass,D
RepSwalwell,eric,swalwell,D
KenCalvert,ken,calvert,R
SteveKnight25,steve,knight,R
RepMimiWalters,mimi,walters,R
NancyPelosi,nancy,pelosi,D
RepMcNerney,jerry,mcnerney,D
RepEdRoyce,ed,royce,R
RepJeffDenham,jeff,denham,R
RepJimCosta,jim,costa,D
RepZoeLofgren,zoe,lofgren,D
RepLindaSanchez,linda,sanchez,D
RepTedLieu,ted,lieu,D
RepDrewFerguson,drew,ferguson,R
jahimes,jim,himes,D
RepSusanDavis,susan,davis,D
RepTedYoho,ted,yoho,R
RepHastingsFL,alcee,hastings,D
RepEsty,elizabeth,esty,D
RepDougCollins,doug,collins,R
RepDianaDeGette,diana,degette,D
RosLehtinen,ro,khanna,D
RepDWStweets,debbie,schultz,D
AustinScottGA08,austin,scott,R
RepJaredPolis,jared,polis,D
RepWebster,daniel,webster,R
RepTipton,scott,tipton,R
DarrellIssa,darrell,issa,R
RepJoeCourtney,joe,courtney,D
congbillposey,bill,posey,R
RepGusBilirakis,gus,bilirakis,R
RepTedDeutch,ted,deutch,D
SanfordBishop,sanford,bishop,D
RepLoudermilk,barry,loudermilk,R
RepBuddyCarter,buddy,carter,R
RepCharlieCrist,charlie,crist,D
VernBuchanan,vern,buchanan,R
RepRobinKelly,robin,kelly,D
RepDannyDavis,danny,davis,D
RepWalorski,jackie,walorski,R
SusanWBrooks,susan,brooks,R
RepLarryBucshon,larry,bucshon,R
RepJohnYarmuth,john,yarmuth,D
RepRichmond,mo,brooks,R
RepHuizenga,bill,huizenga,R
RepJohnDelaney,john,delaney,D
RepStephenLynch,stephen,lynch,D
RepDanKildee,dan,kildee,D
RepKClark,katherine,clark,D
RepWalberg,tim,walberg,R
RepMoolenaar,mo,brooks,R
WhipHoyer,steny,hoyer,D
RepMikeCapuano,mike,capuano,D
RepFredUpton,fred,upton,R
RepMikeBishop,mike,bishop,R
RepMcGovern,vern,buchanan,R
BettyMcCollum04,betty,mccollum,D
RepTimWalz,tim,walz,D
keithellison,keith,ellison,D
RepLawrence,brenda,lawrence,D
RepJasonLewis,jason,lewis,R
repcleaver,emanuel,cleaver,D
RepJoshG,josh,gottheimer,D
NydiaVelazquez,nydia,velazquez,D
RepYvetteClarke,yvette,clarke,D
RepDanDonovan,dan,donovan,R
RepSeanMaloney,sean,maloney,D
RepTomReed,tom,reed,R
RepWalterJones,walter,jones,R
RepBeatty,joyce,beatty,D
CongressmanGT,glenn,thompson,R
RepLouBarletta,lou,barletta,R
RepRyanCostello,ryan,costello,R
RepPeterDeFazio,peter,defazio,D
RepMarcyKaptur,marcy,kaptur,D
RepSteveStivers,steve,stivers,R
RepBrady,kevin,brady,R
RepBillJohnson,bill,johnson,R
RepRussell,russ,fulcher,R
RepScottPerry,scott,perry,R
RepSchrader,kurt,schrader,D
RepJimRenacci,jim,renacci,R
RepJBridenstine,jim,bridenstine,R
KeithRothfus,keith,rothfus,R
CongBoyle,brendan,boyle,D
RepJoeWilson,joe,wilson,R
RepTomRice,tom,rice,R
RepGonzalez,anthony,gonzalez,R
LamarSmithTX21,lamar,smith,R
JudgeTedPoe,ted,poe,R
JoaquinCastrotx,joaquin,castro,D
MacTXPress,mac,thornberry,R
RepKristiNoem,kristi,noem,R
MarshaBlackburn,marsha,blackburn,R
Clyburn,jim,clyburn,D
RepDianeBlack,diane,black,R
RepCartwright,matt,cartwright,D
RepMcCaul,michael,mccaul,R
RepArrington,jodey,arrington,R
USRepMikeDoyle,mike,doyle,D
RepCohen,steve,cohen,D
DrPhilRoe,phil,roe,R
RepCicilline,david,cicilline,D
RepBetoORourke,beto,orourke,D
RepChuck,judy,chu,D
RepMiaLove,mia,love,R
RepEBJ,eddie,johnson,D
RobWittman,rob,wittman,R
GerryConnolly,gerry,connolly,D
RepVeasey,marc,veasey,D
RepRWilliams,roger,williams,R
RepBrianBabin,brian,babin,R
RepRobBishop,rob,bishop,R
RepComstock,barbara,comstock,R
JudgeCarter,john,carter,R
RepMcEachin,donald,mceachin,D
RepCuellar,henry,cuellar,D
RepGwenMoore,gwen,moore,D
RepGallagher,mike,gallagher,R
RepDennyHeck,denny,heck,D
cathymcmorris,cathy,rodgers,R
RepJayapal,pramila,jayapal,D
RepMcKinley,david,mckinley,R
RepGrothman,ro,khanna,D
davereichert,dave,reichert,R
RepDonBeyer,don,beyer,D
RepGoodlatte,bob,goodlatte,R
HerreraBeutler,jaime,beutler,R
StaceyPlaskett,stacey,plaskett,D
RepAlLawsonJr,al,lawson,D
RepJudyChu,judy,chu,D
RepDavidValadao,david,valadao,R
SteveKingIA,steve,king,R
RepAbraham,ralph,abraham,R
RepMarthaRoby,martha,roby,R
RepMikeRogersAL,mike,rogers,R
JeffFortenberry,jeff,fortenberry,R
janschakowsky,jan,schakowsky,D
RepJuanVargas,juan,vargas,D
Scotttaylorva,scott,taylor,R
RepWesterman,bruce,westerman,R
CongressmanHice,jody,hice,R
RepPaulCook,paul,cook,R
chelliepingree,chellie,pingree,D
RepBobbyRush,bobby,rush,D
RepAndyBiggsAZ,andy,biggs,R
RepRubenGallego,ruben,gallego,D
RepRoybalAllard,lucille,roybalallard,D
RepHalRogers,hal,rogers,R
brettguthrie,brett,guthrie,R
nikiinthehouse,niki,tsongas,D
RepDavid,david,schweikert,R
RepMikeCoffman,mike,coffman,R
RepCurbelo,carlos,curbelo,R
RepDonBacon,don,bacon,R
RepRooney,ro,khanna,D
RepJohnLarson,john,larson,D
RepBost,mike,bost,R
ToddRokita,todd,rokita,R
RepLipinski,dan,lipinski,D
RepGosar,paul,gosar,R
RepPerlmutter,ed,perlmutter,D
RepScottPeters,scott,peters,D
RepMoBrooks,mo,brooks,R
RepThomasMassie,thomas,massie,R
RepTerriSewell,terri,sewell,D
RepRoKhanna,ro,khanna,D
RepMikeQuigley,mike,quigley,D
Raul_Labrador,raul,labrador,R
RepJackBergman,jack,bergman,R
AnthonyBrownMD4,anthony,brown,D
USRepKCastor,kathy,castor,D
RepLukeMesser,luke,messer,R
justinamash,justin,amash,R
daveloebsack,dave,loebsack,D
Rep_Hunter,duncan,hunter,R
RepPaulMitchell,paul,mitchell,R
RepKevinYoder,kevin,yoder,R
RepBecerra,xavier,becerra,D
RepJimmyPanetta,jimmy,panetta,D
RepJoeKennedy,joe,kennedy,D
RepKenBuck,ken,buck,R
RepAndyBarr,andy,barr,R
RepAmata,amata,radewagen,R
RepBera,ami,bera,D
RepVisclosky,pete,visclosky,D
RepSinema,kyrsten,sinema,D
SteveScalise,steve,scalise,R
RepValDemings,val,demings,D
RepMcClintock,tom,mcclintock,R
RepDerekKilmer,derek,kilmer,D
RepLaHood,darin,lahood,R
RepDebDingell,debbie,dingell,D
RepBrianMast,brian,mast,R
repdavidscott,david,scott,D
RepOHalleran,tom,ohalleran,D
RepPeteAguilar,pete,aguilar,D
USRepKeating,bill,keating,D
BradSherman,brad,sherman,D
Call_Me_Dutch,dutch,ruppersberger,D
RepDennisRoss,dennis,ross,R
RepCummings,elijah,cummings,D
PeterRoskam,peter,roskam,R
RepFrenchHill,french,hill,R
RodneyDavis,rodney,davis,R
GovRonDeSantis,ron,desantis,R
RepRickAllen,rick,allen,R
repjohnlewis,john,lewis,D
RepDavidYoung,david,young,R
RepMcSally,martha,mcsally,R
RepGaramendi,john,garamendi,D
RepRodBlum,rod,blum,R
RepHankJohnson,hank,johnson,D
RepWilson,frederica,wilson,D
CongMikeSimpson,mike,simpson,R
RepLowenthal,alan,lowenthal,D
RepBillFoster,bill,foster,D
repblumenauer,earl,blumenauer,D
RepMarkTakano,mark,takano,D
MarioDB,mario,diazbalart,R
RepSarbanes,john,sarbanes,D
RepHanabusa,colleen,hanabusa,D
RepRobWoodall,rob,woodall,R
RepLaMalfa,doug,lamalfa,R
CongressmanRaja,raja,krishnamoorthi,D
RepStephMurphy,stephanie,murphy,D
DanaRohrabacher,dana,rohrabacher,R
RepCardenas,tony,cardenas,D
EleanorNorton,eleanor,norton,D
RepAndreCarson,andre,carson,D
RepSchneider,brad,schneider,D
DorisMatsui,doris,matsui,D
gracenapolitano,grace,napolitano,D
RepErikPaulsen,erik,paulsen,R
RepSmucker,lloyd,smucker,R
RepRichardNeal,richard,neal,D
RepSamGraves,sam,graves,R
TomRooney,tom,rooney,R
RepLoisFrankel,lois,frankel,D
RepBarragan,nanette,barragan,D
RepHuffman,jared,huffman,D
RepCheri,cheri,bustos,D
RepPoliquin,bruce,poliquin,R
GOPLeader,kevin,mccarthy,R
RepDLamborn,doug,lamborn,R
repsandylevin,andy,levin,D
RepGarretGraves,garret,graves,R
RepJimBanks,jim,banks,R
rosadelauro,rosa,delauro,D
RepBonamici,ami,bera,D
RepLBR,lisa,rochester,D
RepDavidEPrice,david,price,D
RepLanceNJ7,lance,gooden,R
RepPeteKing,peter,king,R
RepBillFlores,bill,flores,R
RepTenney,claudia,tenney,R
repdinatitus,dina,titus,D
RepMarkMeadows,mark,meadows,R
RepMGriffith,morgan,griffith,R
boblatta,bob,latta,R
RepHultgren,randy,hultgren,R
RepBarbaraLee,barbara,lee,D
RepAnnaEshoo,anna,eshoo,D
RepRaskin,jamie,raskin,D
RepShimkus,john,shimkus,R
USRepRickNolan,rick,nolan,D
RepTomMacArthur,tom,macarthur,R
RepAdrianSmith,adrian,smith,R
SamsPressShop,sam,johnson,R
DesJarlaisTN04,scott,desjarlais,R
RepDaveJoyce,david,joyce,R
RepGeneGreen,gene,green,D
RepChrisSmith,chris,smith,R
RepStefanik,elise,stefanik,R
RepKihuen,ruben,kihuen,D
RepBradWenstrup,brad,wenstrup,R
RepRatcliffe,john,ratcliffe,R
RepLeeZeldin,lee,zeldin,R
RepBonnie,bonnie,coleman,D
repjoecrowley,joseph,crowley,D
RepLujanGrisham,jan,schakowsky,D
BennieGThompson,bennie,thompson,D
PeterWelch,peter,welch,D
RepChrisCollins,chris,collins,R
RepMikeTurner,mike,turner,R
RepJoseSerrano,jose,serrano,D
virginiafoxx,virginia,foxx,R
RepMullin,markwayne,mullin,R
RepTomSuozzi,thomas,suozzi,D
RepJeffries,hakeem,jeffries,D
DavidRouzer,david,rouzer,R
USRepRodney,rodney,davis,R
RepMaloney,carolyn,maloney,D
RepKevinCramer,kevin,cramer,R
MarkAmodeiNV2,mark,amodei,R
BobbyScott,bobby,scott,D
RepJoeBarton,joe,barton,R
RepJenniffer,jenniffer,gonzalez,R
HurdOnTheHill,will,hurd,R
Jim_Jordan,jim,jordan,R
PatTiberi,pat,tiberi,R
BillPascrell,bill,pascrell,D
repjimcooper,jim,cooper,D
repgregwalden,greg,walden,R
MikeKellyPA,mike,kelly,R
RepLoBiondo,frank,lobiondo,R
WarrenDavidson,warren,davidson,R
RepCharlieDent,charlie,dent,R
RepTomMarino,tom,marino,R
JimLangevin,james,langevin,D
RepMarciaFudge,marcia,fudge,D
JacksonLeeTX18,sheila,lee,D
RepAlGreen,al,green,D
RepTedBudd,ted,budd,R
RepDaveBrat,dave,brat,R
RepPeteOlson,pete,olson,R
RepMarkWalker,mark,walker,R
NitaLowey,nita,lowey,D
RepAnnieKuster,ann,kuster,D
ConawayTX11,mike,conaway,R
DonaldNorcross,donald,norcross,D
RepAnnWagner,ann,wagner,R
TomColeOK04,tom,cole,R
RepJerryNadler,jerry,nadler,D
RepDelBene,suzan,delbene,D
RepKayGranger,kay,granger,R
RepSires,albio,sires,D
PatrickMcHenry,patrick,mchenry,R
RepGraceMeng,grace,meng,D
GKButterfield,g.,butterfield,D
FrankPallone,frank,pallone,D
RepHartzler,vicky,hartzler,R
RepChrisStewart,chris,stewart,R
RepBrianFitz,brian,fitzpatrick,R
PeteSessions,pete,sessions,R
RepSheaPorter,carol,sheaporter,D
TGowdySC,trey,gowdy,R
TXRandy14,randy,weber,R
RepJasonSmith,jason,smith,R
RepEliotEngel,eliot,engel,D
RepPittenger,robert,pittenger,R
RepTimRyan,tim,ryan,D
RepJohnFaso,john,faso,R
RepHolding,george,holding,R
replouiegohmert,louie,gohmert,R
RepJohnDuncanJr,jimmy,duncan,R
RepAdams,alma,adams,D
RepKenMarchant,kenny,marchant,R
RepJeffDuncan,jeff,duncan,R
GreggHarper,gregg,harper,R
RepJohnKatko,john,katko,R
RepDonaldPayne,donald,payne,D
michaelcburgess,michael,burgess,R
RepRichHudson,richard,hudson,R
RepRickLarsen,rick,larsen,D
louiseslaughter,louise,slaughter,D
RepLloydDoggett,lloyd,doggett,D
RepSanfordSC,sanford,bishop,D
RepRonKind,ron,kind,D
RepNewhouse,dan,newhouse,R
RepLizCheney,liz,cheney,R
RepSeanDuffy,sean,duffy,R
RepAdamSmith,adam,smith,D
RepAlexMooney,alex,mooney,R
RepKevinBrady,kevin,brady,R
RepBillShuster,bill,shuster,R
CongCulberson,john,culberson,R
RepHensarling,jeb,hensarling,R
jasoninthehouse,jason,chaffetz,R
RepKathleenRice,kathleen,rice,D
RepFilemonVela,filemon,vela,D
RepSteveChabot,steve,chabot,R
repmarkpocan,mark,pocan,D
SpeakerRyan,paul,ryan,R
RepEvanJenkins,evan,jenkins,R
JimPressOffice,jim,sensenbrenner,R
RepFrankLucas,frank,lucas,R
CongPalazzo,steven,palazzo,R
teammoulton,mo,brooks,R
RepPaulTonko,paul,tonko,D
RepBobGibbs,bob,gibbs,R
DrNealDunnFL2,neal,dunn,R
RepAndyHarrisMD,andy,harris,R
RepKinzinger,adam,kinzinger,R
RepBrianHiggins,brian,higgins,D
RepJohnConyers,john,conyers,D
RepRaulGrijalva,raul,grijalva,D
TulsiPress,tulsi,gabbard,D
RepGutierrez,luis,gutierrez,D
RepTomGraves,tom,graves,R
RepLynnJenkins,lynn,jenkins,R
RepTrentKelly,trent,kelly,R
RepTomEmmer,tom,emmer,R
repdonyoung,don,young,R
RepDarrenSoto,darren,soto,D
RepAnthonyBrown,anthony,brown,D
RepRutherfordFL,john,rutherford,R
RepScottTaylor,scott,taylor,R
RepClayHiggins,clay,higgins,R
RepMikeJohnson,mike,johnson,R
RepMattGaetz,matt,gaetz,R
RepLouCorrea,lou,correa,D
RepRonEstes,ron,estes,R
RepDevinNunes,devin,nunes,R
RepTomGarrett,tom,garrett,R
karenhandel,karen,handel,R
gianforte,greg,gianforte,R
JimmyGomezCA,jimmy,gomez,D
RalphNorman,ralph,norman,R
RepMaxineWaters,maxine,waters,D
RepGregoryMeeks,gregory,meeks,D
RepDavidKustoff,david,kustoff,R
ConorLambPA,conor,lamb,D
RepBlaine,blaine,luetkemeyer,R
MIDaveTrott,dave,trott,R
RepBrownley,ro,khanna,D
WydenPress,ron,wyden,D
TomUdallPress,tom,udall,D
SenCoonsOffice,chris,coons,D
JohnKennedyLA,john,kennedy,R
GrassleyPress,chuck,grassley,R
GaryPeters,gary,peters,D
DianneFeinstein,dianne,feinstein,D
BobMenendezNJ,bob,menendez,D
MarthaMcSally,martha,mcsally,R
SenKevinCramer,kevin,cramer,R
SenatorSinema,kyrsten,sinema,D
senatemajldr,mitch,mcconnell,R
joniernst,joni,ernst,R
BenSasse,ben,sasse,R
DanSullivan_AK,dan,sullivan,R
robportman,rob,portman,R
VanHollenForMD,van,taylor,R
gillibrandny,kirsten,gillibrand,D
SenDougJones,doug,jones,D
SenBillCassidy,bill,cassidy,R
SenatorBraun,mike,braun,R
DrRandPaul,rand,paul,R
MichaelBennet,michael,bennet,D
brianschatz,brian,schatz,D
tammybaldwin,tammy,baldwin,D
Boozman4AR,john,boozman,R
SenRickScott,rick,scott,R
MurrayCampaign,patty,murray,D
mazieforhawaii,mazie,hirono,D
BernieSanders,bernie,sanders,D
JeffMerkley,jeff,merkley,D
JohnnyIsakson,johnny,isakson,R
DickDurbin,dick,durbin,D
TammyforIL,tammy,duckworth,D
Maggie_Hassan,maggie,hassan,D
JimInhofe,jim,inhofe,R
marcorubio,marco,rubio,R
jontester,jon,tester,D
stabenow,debbie,stabenow,D
CoryGardner,cory,gardner,R
SenAmyKlobuchar,amy,klobuchar,D
tedcruz,ted,cruz,R
PatToomey,pat,toomey,R
kevincramer,kevin,cramer,R
RogerWicker,roger,wicker,R
JeanneShaheen,jeanne,shaheen,D
CoryBooker,cory,booker,D
kyrstensinema,kyrsten,sinema,D
LamarAlexander,lamar,alexander,R
ThomTillis,thom,tillis,R
SherrodBrown,sherrod,brown,D
johnthune,john,thune,R
KamalaHarris,kamala,harris,D
MariaCantwell,maria,cantwell,D
TinaSmithMN,tina,smith,D
MittRomney,mitt,romney,R
ToddYoungIN,todd,young,R
VoteMarsha,marsha,blackburn,R
votetimscott,tim,scott,R
Bob_Casey,bob,casey,D
JoeManchinWV,joe,manchin,D
WydenForOregon,ro,khanna,D
RonJohnsonWI,ron,johnson,R
ChrisMurphyCT,chris,murphy,D
LisaForSenate,lisa,murkowski,R
CapitoforWV,shelley,capito,R
BurrForSenate,richard,burr,R
SenatorBennet,michael,bennet,D
cindyhydesmith,cindy,hydesmith,R
BenCardinforMD,ben,cardin,D
ScottforFlorida,rick,scott,R
DebFischerNE,deb,fischer,R
TomCottonAR,tom,cotton,R
ewarren,warren,davidson,R
TomCarperforDE,tom,carper,D
RoyBluntMO,roy,blunt,R
MarkWarnerVA,mark,warner,D
PatRoberts,pat,roberts,R
SheldonforRI,sheldon,whitehouse,D
EdMarkey,ed,markey,D
Perduesenate,david,perdue,R
braun4indiana,diana,degette,D
chuckschumer,chuck,schumer,D
HawleyMO,mo,brooks,R
SenMcSallyAZ,martha,mcsally,R
CatherineForNV,catherine,masto,D
RosenforNevada,ro,khanna,D
SenJackyRosen,jacky,rosen,D
SenTinaSmith,tina,smith,D
SenHydeSmith,cindy,hydesmith,R
SenatorRomney,ro,khanna,D
SenHawleyPress,josh,hawley,R
Risch4Idaho,jim,risch,R
SenatorLoeffler,kelly,loeffler,R
AngieCraigMN,angie,craig,D
benraylujan,ben,lujan,D
bradyfortexas,kevin,brady,R
chiproytx,chip,roy,R
chuck4congress,judy,chu,D
CongJoeWilson,joe,wilson,R
larsenrick,rick,larsen,D
marygayscanlon,mary,scanlon,D
pallonefornj,frank,pallone,D
reschenthaler,guy,reschenthaler,R
Kilili_Sablan,gregorio,sablan,D
Andy_Levin,andy,levin,D
AnnMcLaneKuster,ann,kuster,D
Armstrong_ND,kelly,armstrong,R
AyannaPressley,ayanna,pressley,D
BrianFitzUSA,brian,fitzpatrick,R
CarolynBMaloney,carolyn,maloney,D
ClyburnSC06,jim,clyburn,D
CongressmanJVD,jeff,drew,R
CoopForCongress,jim,cooper,D
DanCrenshawTX,dan,crenshaw,R
DanLipinski,dan,lipinski,D
DaveJoyceOH14,david,joyce,R
DavidKustoff,david,kustoff,R
DebDingell,debbie,dingell,D
DelgadoforNY19,antonio,delgado,D
DerekKilmer,derek,kilmer,D
Donald_McEachin,donald,mceachin,D
DonJBacon,don,bacon,R
DrMarkGreen4TN,mark,green,R
Duncan4Congress,duncan,hunter,R
DustyJohnson,dusty,johnson,R
ElaineLuriaVA,elaine,luria,D
ElectConnolly,gerry,connolly,D
ElissaSlotkin,elissa,slotkin,D
Flores4Congress,bill,flores,R
GoDutchForMD,dutch,ruppersberger,D
GregForMontana,greg,gianforte,R
GT_TeamGT,glenn,thompson,R
Gwen4Congress,gwen,moore,D
Higgins4WNY,brian,higgins,D
HornForCongress,kendra,horn,D
Ilhan,ilhan,omar,D
JaimeForUSRep,jaime,beutler,R
JenniferWexton,jennifer,wexton,D
Jim_Banks,jim,banks,R
JoeCunninghamSC,joe,cunningham,D
JohnRoseforTN,john,rose,R
JoshGottheimer,josh,gottheimer,D
JoyceBeatty,joyce,beatty,D
JudgeJohnCarter,john,carter,R
KathyCastorFL,kathy,castor,D
KindforCongress,ron,kind,D
LindaTSanchez,linda,sanchez,D
Lizzie4Congress,lizzie,fletcher,D
SteveScaliseGOP,steve,scalise,R
LloydSmuckerPA,lloyd,smucker,R
LuetkemeyerB,blaine,luetkemeyer,R
MarcVeasey,marc,veasey,D
MarioDBCamp,mario,diazbalart,R
MarkTakano,mark,takano,D
McCaulforTexas,michael,mccaul,R
McHenryCampaign,henry,cuellar,D
MichaelJCloud,michael,cloud,R
MikeforWI,mike,gallagher,R
MikeRogersCamp,mike,rogers,R
MikieSherrill,mikie,sherrill,D
MooneyforWV,mo,brooks,R
PaulTonko,paul,tonko,D
PramilaJayapal,pramila,jayapal,D
RatcliffeTX4,john,ratcliffe,R
ReElectNydia,nydia,velazquez,D
RepAlGreenTX,al,green,D
RepBalderson,troy,balderson,R
RepDeanPhillips,dean,phillips,D
RepDebHaaland,deb,haaland,D
RepLynch,stephen,lynch,D
RobBishopUT,rob,bishop,R
SpanbergerVA07,abigail,spanberger,D
WilliamKeating,bill,keating,D
ABrindisiNY,anthony,brindisi,D
CartwrightPA,matt,cartwright,D
SteveChabot,steve,chabot,R
RepTimmons,william,timmons,R
Tcardenas,tony,cardenas,D
BryanSteil,bryan,steil,R
RepFredKeller,fred,keller,R
Lancegooden,lance,gooden,R
RepFinkenauer,abby,finkenauer,D
RepCarolMiller,carol,miller,R
RepEdCase,ed,case,D
RepJohnJoyce,john,joyce,R
RepLucyMcBath,lucy,mcbath,D
RepChuyGarcia,jesus,garcia,D
RepKendraHorn,kendra,horn,D
RepCasten,sean,casten,D
RepDLesko,debbie,lesko,R
RepWexton,jennifer,wexton,D
RepCloudTX,michael,cloud,R
RepAGonzalez,anthony,gonzalez,R
RepJoeMorelle,joseph,morelle,D
RepChrisPappas,chris,pappas,D
RepKatieHill,katie,hill,D
RepSusanWild,susan,wild,D
RepBenCline,ben,cline,R
RepVanTaylor,van,taylor,R
RepBryanSteil,bryan,steil,R
RepPeteStauber,pete,stauber,R
RepHaleyStevens,haley,stevens,D
RepSlotkin,elissa,slotkin,D
RepMaxRose,max,rose,D
RepJoeNeguse,joe,neguse,D
RepAndyKimNJ,andy,kim,D
RepRashida,rashida,tlaib,D
RepLoriTrahan,lori,trahan,D
RepCunningham,joe,cunningham,D
RepAndyLevin,andy,levin,D
RepElaineLuria,elaine,luria,D
RepKimSchrier,kim,schrier,D
repdelgado,antonio,delgado,D
RepArmstrongND,kelly,armstrong,R
RepUnderwood,lauren,underwood,D
RepDavidTrone,david,trone,D
RepPressley,ayanna,pressley,D
RepTorresSmall,xochitl,small,D
RepJoshHarder,josh,harder,D
RepCindyAxne,cindy,axne,D
RepGregStanton,greg,stanton,D
RepDanCrenshaw,dan,crenshaw,R
RepBrindisi,anthony,brindisi,D
DonnaShalala,donna,shalala,D
SMurphyCongress,stephanie,murphy,D
RepMarshall,roger,marshall,R
DrPaulGosar,paul,gosar,R
LaurenUnderwood,lauren,underwood,D
RepRalphNorman,ralph,norman,R
GregPenceIN,greg,pence,R
LoriTrahanMA,lori,trahan,D
VanDrewForNJ,jeff,drew,R
sharicedavids,sharice,davids,D
RepGuthrie,brett,guthrie,R
RepJimmyGomez,jimmy,gomez,D
TomOHalleran,tom,ohalleran,D
ChuyForCongress,judy,chu,D
MaxineWaters,maxine,waters,D
BrianMastFL,brian,mast,R
VoteForTrey,trey,hollingsworth,R
LisaBRochester,lisa,rochester,D
GReschenthaler,guy,reschenthaler,R
FrancisRooney,francis,rooney,R
MikeJohnson,mike,johnson,R
grace4congress,grace,napolitano,D
Abby4Iowa,abby,finkenauer,D
JoeNeguse,joe,neguse,D
DarrenSoto,darren,soto,D
JoshHarder,josh,harder,D
Buddy_Carter,buddy,carter,R
MikeSimpson4ID,mike,simpson,R
LoisFrankel,lois,frankel,D
ericswalwell,eric,swalwell,D
Dr_RaulRuiz,raul,ruiz,D
BradSherman4SFV,brad,sherman,D
jamie_raskin,jamie,raskin,D
LacyClayMO1,lacy,clay,D
standwithbarry,barry,loudermilk,R
Troy_Balderson,troy,balderson,R
katieporteroc,katie,porter,D
IlhanMN,ilhan,omar,D
RepDavidRouzer,david,rouzer,R
SeanDuffyWI,sean,duffy,R
WhipClyburn,jim,clyburn,D
RepBenMcAdams,ben,mcadams,D
gregstantonaz,greg,stanton,D
RepBrendanBoyle,brendan,boyle,D
sethmoulton,seth,moulton,D
CheriBustos,cheri,bustos,D
StenyHoyer,steny,hoyer,D
Schneider4IL10,brad,schneider,D
Deb4CongressNM,deb,haaland,D
RussFulcher,russ,fulcher,R
BradleyByrne,bradley,byrne,R
BeraForCongress,ami,bera,D
DevinNunes,devin,nunes,R
SeanCasten,sean,casten,D
RepSchakowsky,jan,schakowsky,D
AlLawsonJr,al,lawson,D
Ed4Colorado,ed,perlmutter,D
barrforcongress,andy,barr,R
DWStweets,debbie,schultz,D
Harris4Congress,andy,harris,R
McGovernMA,vern,buchanan,R
Steve4Kansas,steve,watkins,R
AdamSchiff,adam,schiff,D
WebsterCongress,daniel,webster,R
AOC,alexandria,ocasiocortez,D
CedricRichmond,cedric,richmond,D
AdamKinzinger,adam,kinzinger,R
repbenraylujan,ben,lujan,D
tedlieu,ted,lieu,D
gregsteube,greg,steube,R
TomGravesGA14,tom,graves,R
DebbieLesko,debbie,lesko,R
RobinLynneKelly,robin,kelly,D
deanbphillips,dean,phillips,D
jackiewalorski,jackie,walorski,R
kevinomccarthy,kevin,mccarthy,R
tommcclintock,tom,mcclintock,R
leezeldin,lee,zeldin,R
PeteOlson,pete,olson,R
SpeakerPelosi,nancy,pelosi,D
JohnGaramendi,john,garamendi,D
DavidSchweikert,david,schweikert,R
LeaderHoyer,steny,hoyer,D
KatherineClark,katherine,clark,D
TulsiGabbard,tulsi,gabbard,D
HarleyRouda,harley,rouda,D
JohnLarsonCT,john,larson,D
Matsui4Congress,doris,matsui,D
jerrymcnerney,jerry,mcnerney,D
JoeCourtneyCT,joe,courtney,D
Foster4Congress,bill,foster,D
KingforCongress,steve,king,R
JohnSarbanes,john,sarbanes,D
Ann_Kirkpatrick,ann,kirkpatrick,D
ScottPetersSD,scott,peters,D
Nanette4CA,nanette,barragan,D
JaredHuffman,jared,huffman,D
SusanBrooksIN,susan,brooks,R
rickallen,rick,allen,R
RepHorsford,steven,horsford,D
BLeeForCongress,lee,zeldin,R
joekennedy,joe,kennedy,D
Eshoo4Congress,anna,eshoo,D
JackieSpeier,jackie,speier,D
RepDean,madeleine,dean,D
garretgraves,garret,graves,R
RossSpano,ross,spano,R
RoKhanna,ro,khanna,D
michaelgwaltz,michael,waltz,R
DeGette5280,diana,degette,D
WestermanAR,bruce,westerman,R
JimHagedornMN,jim,hagedorn,R
JamesComer,james,comer,R
MarkMeadows,mark,meadows,R
ReElectCummings,elijah,cummings,D
BostForCongress,mike,bost,R
Palmer4Alabama,gary,palmer,R
Norma4Congress,norma,torres,D
DocAbraham,ralph,abraham,R
DonYoungAK,don,young,R
carbajalsalud,salud,carbajal,D
val_demings,val,demings,D
JimmyPanetta,jimmy,panetta,D
JohnMShimkus,john,shimkus,R
davidjtrone,david,trone,D
andybiggs4az,andy,biggs,R
RonEstesKS,ron,estes,R
DebbieforFL,debbie,mucarselpowell,D
Malinowski,tom,malinowski,D
KatieHill4CA,katie,hill,D
JasonCrowCO6,jason,crow,D
Axne4Congress,cindy,axne,D
GilCisnerosCA,gil,cisneros,D
TJCoxCongress,tj,cox,D
golden4congress,jared,golden,D
RepJohnCurtis,john,curtis,R
lucymcbath,lucy,mcbath,D
RepConorLamb,conor,lamb,D
JahanaHayesCT,jahana,hayes,D
CaptClayHiggins,clay,higgins,R
RepTimBurchett,tim,burchett,R
RepHoulahan,chrissy,houlahan,D
RepShalala,donna,shalala,D
RepMGS,mary,scanlon,D
repkevinhern,kevin,hern,R
RepMikeLevin,mike,levin,D
RepDustyJohnson,dusty,johnson,R
RepHarley,harley,rouda,D
RepEscobar,veronica,escobar,D
RepFletcher,lizzie,fletcher,D
RepColinAllred,colin,allred,D
RepRussFulcher,russ,fulcher,R
RepSpanberger,abigail,spanberger,D
RepSusieLee,susie,lee,D
RepJasonCrow,jason,crow,D
RepAngieCraig,angie,craig,D
BuckForColorado,ken,buck,R
CharlieCrist,charlie,crist,D
aguilarpete,pete,aguilar,D
JuliaBrownley,julia,brownley,D
RubenGallego,ruben,gallego,D
mattgaetz,matt,gaetz,R
TedDeutch,ted,deutch,D
ReElectHank,hank,johnson,D
womack4congress,mac,thornberry,R
KarenBassTweets,karen,bass,D
collinpeterson,collin,peterson,D
standwithraul,raul,grijalva,D
Rep_Watkins,steve,watkins,R
JodyHice,jody,hice,R
RepMarkGreen,mark,green,R
RepRiggleman,denver,riggleman,R
RepDavids,sharice,davids,D
RepSherrill,mikie,sherrill,D
RepMeuser,dan,meuser,R
RepSylviaGarcia,sylvia,garcia,D
RepRonWright,ron,wright,R
RepTjCox,tj,cox,D
RepGolden,jared,golden,D
RepDMP,debbie,mucarselpowell,D
RepGilCisneros,gil,cisneros,D
RepKatiePorter,katie,porter,D
RepKirkpatrick,ann,kirkpatrick,D
RepMichaelGuest,michael,guest,R
RepJohnRose,john,rose,R
RepJahanaHayes,jahana,hayes,D
RepGregPence,greg,pence,R
RepMichaelWaltz,michael,waltz,R
RepChipRoy,chip,roy,R
RepGregSteube,greg,steube,R
RepJimBaird,jim,baird,R
MadeleineDean,madeleine,dean,D
anthonygonzalez,anthony,gonzalez,R
auctnr1,billy,long,R
AndyKimNJ,andy,kim,D
AnnLWagner,ann,wagner,R
BenMcAdams,ben,mcadams,D
BobbyScott4VA3,bobby,scott,D
BrendaLLawrence,brenda,lawrence,D
buddforcongress,ted,budd,R
dankildee,dan,kildee,D
davidcicilline,david,cicilline,D
dinatitus,dina,titus,D
electadamsmith,adam,smith,D
foxxforcongress,virginia,foxx,R
ChrisPappasNH,chris,pappas,D
Cline4Virginia,virginia,foxx,R
ColinAllredTX,colin,allred,D
CurtisUT,john,curtis,R
DaveForIowa,dave,loebsack,D
Denver4VA,denver,riggleman,R
DonBeyerVA,don,beyer,D
DrKimSchrier,kim,schrier,D
DunnCampaign,neal,dunn,R
DwightEvansPA,dwight,evans,D
EliseStefanik,elise,stefanik,R
EspaillatNY,adriano,espaillat,D
GeorgeHolding,george,holding,R
Grace4NY,grace,meng,D
GrothmanforWI,ro,khanna,D
GuestCongress,michael,guest,R
HaleyLive,haley,stevens,D
HoulahanForPa,chrissy,houlahan,D
JackBergman_MI1,jack,bergman,R
JasonSmithMO,jason,smith,R
JerryNadler,jerry,nadler,D
JodeyArrington,jodey,arrington,R
JohnJoyceForPA,john,joyce,R
JohnsonLeads,bill,johnson,R
petekingcpg,peter,king,R
krhern,kevin,hern,R
latta4congress,bob,latta,R
mlfudge,marcia,fudge,D
spmaloney,carolyn,maloney,D
KathleenRice,kathleen,rice,D
KellyforMS01,trent,kelly,R
LangevinForRI,james,langevin,D
Liz_Cheney,liz,cheney,R
LloydDoggettTX,lloyd,doggett,D
LouieGohmertTX1,louie,gohmert,R
MacThornberry,mac,thornberry,R
Marcy_Kaptur,marcy,kaptur,D
MarkPocan,mark,pocan,D
MarkwayneMullin,markwayne,mullin,R
MaxRose4NY,max,rose,D
Meuser4Congress,dan,meuser,R
Mike_CA05,mike,thompson,D
MikeKellyforPA,mike,kelly,R
MikeTurnerOH,mike,turner,R
MorganGriffith,morgan,griffith,R
PascrellforNJ,bill,pascrell,D
PeteStauber,pete,stauber,R
RajaForCongress,raja,krishnamoorthi,D
RashidaTlaib,rashida,tlaib,D
ReElectCohen,steve,cohen,D
ReElectWittman,rob,wittman,R
RepAOC,alexandria,ocasiocortez,D
RepHagedorn,jim,hagedorn,R
RepMalinowski,tom,malinowski,D
RepRossSpano,ross,spano,R
RichHudson,richard,hudson,R
Rosa_DeLauro,rosa,delauro,D
stevestivers,steve,stivers,R
timburchett,tim,burchett,R
tndesjarlais,scott,desjarlais,R
tomemmer,tom,emmer,R
vgescobar,veronica,escobar,D
votegregwalden,greg,walden,R
voteloucorrea,lou,correa,D
votemorelle,mo,brooks,R
wildforcongress,susan,wild,D
StevenHorsford,steven,horsford,D
StevenPalazzo,steven,palazzo,R
StewartforUtah,chris,stewart,R
SusieLeeNV,susie,lee,D
SuzanDelBene,suzan,delbene,D
TeamCalvert,ken,calvert,R
TeamCMR,cathy,rodgers,R
TeamMeadows,mark,meadows,R
TeamPelosi,nancy,pelosi,D
TeamVisclosky,pete,visclosky,D
TimRyan,tim,ryan,D
TimWalberg,tim,walberg,R
Tom_Suozzi,thomas,suozzi,D
TomReedCongress,tom,reed,R
UptonForAllOfUs,fred,upton,R
VanTaylorTX,van,taylor,R
VickyH4Congress,vicky,hartzler,R
Vote4Cleaver,emanuel,cleaver,D
Vote_Davidson,warren,davidson,R
VoteYvette,yvette,clarke,D
WeberforTexas,randy,weber,R
WelchForVT,peter,welch,D
WillHurd,will,hurd,R
XochforCongress,xochitl,small,D
hakeem_jeffries,hakeem,jeffries,D
RepGregMurphy,greg,murphy,R
CollinsforGA,collin,peterson,D
RepDanBishop,dan,bishop,R
MikeLevin,mike,levin,D
RepRaulRuizMD,raul,ruiz,D
